#############################################;;;;;;;;;;;;;;x
#New Bookmarks;;;;;;;;;;;;;;x
#############################################;;;;;;;;;;;;;;x
RENO_NAME;Commonwealth Released;;;;;;;;;;;x
RENO_DESC;Commonwealth released start.;;;;;;;;;;;x
#############################################;;;;;;;;;;;;;;x
#New National Focuses;;;;;;;;;;;;;;x
#############################################;;;;;;;;;;;;;;x
assimilation_focus;Increase Assimilation Rate;;;;;;;;x;;;;
assimilation_focus_desc;Increase state assimilation rate by 200%.;;;;;;;;x;;;;
assimilation_focus_header;Assimilation;;;;;;;;x;;;;
#############################################;;;;;;;;;;;;;;x
#New Units;;;;;;;;;;;;;;x
#############################################;;;;;;;;;;;;;;x
infantry_offensive;Light Infantry;;;;;;;;;;;;;x
infantry_defensive;Heavy Infantry;;;;;;;;;;;;;x
artillery_offensive;Field Artillery;;;;;;;;;;;;;x
artillery_defensive;Siege Artillery;;;;;;;;;;;;;x
#############################################;;;;;;;;;;;;;;x
#Generic Political Parties;;;;;;;;;;;;;;x
#############################################;;;;;;;;;;;;;;x
generic_conservative;Generic Conservative;;;;;;;;;;;;;x
generic_reactionary;Generic Reactionary;;;;;;;;;;;;;x
generic_liberal;Generic Liberal;;;;;;;;;;;;;x
generic_socialist;Generic Socialist;;;;;;;;;;;;;x
generic_communist;Generic Communist;;;;;;;;;;;;;x
generic_fascist;Generic Fascist;;;;;;;;;;;;;x
#############################################;;;;;;;;;;;;;;x
#Event and Decision Names;;;;;;;;;;;;;;x
#############################################;;;;;;;;;;;;;;x
EVTOPTA99999901;Nice.;;;;;;;;;;;;;;;;;;;;;;;x;;;;;;;;;;;;;;;;;;;;;;;;;;;x
EVTOPTA99999902;Nice.;;;;;;;;;;;;;;;;;;;;;;;x;;;;;;;;;;;;;;;;;;;;;;;;;;;x
EVTOPTA99999903;Nice.;;;;;;;;;;;;;;;;;;;;;;;x;;;;;;;;;;;;;;;;;;;;;;;;;;;x
EVTOPTA99999904;Nice.;;;;;;;;;;;;;;;;;;;;;;;x;;;;;;;;;;;;;;;;;;;;;;;;;;;x
EVTOPTA99999905;Nice.;;;;;;;;;;;;;;;;;;;;;;;x;;;;;;;;;;;;;;;;;;;;;;;;;;;x
EVTNAME99999901;Tractors and Trawlers;;;;;;;;;;;;;;x
EVTDESC99999901;Mechanized farming, mining, and fishing has arrived in this country, which facilitates an increase in raw resource production.;;;;;;;;;;;;;;x
EVTNAME99999902;Electricity;;;;;;;;;;;;;;x
EVTDESC99999902;Electricity has arrived in this country, which facilitates an increase in raw resource production and industrial throughput.;;;;;;;;;;;;;;x
EVTNAME99999903;Nitroglycerin;;;;;;;;;;;;;;x
EVTDESC99999903;Nitroglycerin has arrived in this country, which facilitates an increase in raw resource production.;;;;;;;;;;;;;;x
EVTNAME99999904;Commercial Retailers;;;;;;;;;;;;;;x
EVTDESC99999904;Establishment of complex distribution channels has begun in this country, which facilitates an increase in raw resource production.;;;;;;;;;;;;;;x
EVTNAME99999905;Mechanized Production;;;;;;;;;;;;;;x
EVTDESC99999905;Mechanized production has arrived in this country, which facilitates an increase in raw resource production and industrial throughput.;;;;;;;;;;;;;;x
country_tractors;Tractors and Trawlers;;;;;;;;;;;;;;;;;;x,,,,,
desc_country_tractors;Mechanized farming, mining, and fishing has arrived in this country, which facilitates an increase in raw resource production.;;;;;;;;;;;;;;;;;;;x,,,,,
country_electricity;Electricity;;;;;;;;;;;;;;;;;;x,,,,,
desc_country_electricity;Electricity has arrived in this country, which facilitates an increase in raw resource production.;;;;;;;;;;;;;;;;;;;x,,,,,
country_nitroglycerin;Nitroglycerin;;;;;;;;;;;;;;;;;;x,,,,,
desc_country_nitroglycerin;Nitroglycerin has arrived in this country, which facilitates an increase in raw resource production.;;;;;;;;;;;;;;;;;;;x,,,,,
country_distribution_channels;Commercial Retailers;;;;;;;;;;;;;;;;;;x,,,,,
desc_country_distribution_channels;Establishment of complex distribution channels have begun in this country, which facilitates an increase in raw resource production.;;;;;;;;;;;;;;;;;;;x,,,,,
country_machine_tools;Mechanized Production;;;;;;;;;;;;;;;;;;x,,,,,
desc_country_machine_tools;Mechanized production has arrived in this country, which facilitates an increase in raw resource production and industrial throughput.;;;;;;;;;;;;;;;;;;;x,,,,,
equatoria_expedition_ARA_title;Launch Equatoria Expedition;;;;;;;;;;;;;x;;;;;;;;;;;
equatoria_expedition_ARA_desc;The Khedive of Egypt, Isma'il I commissioned an expedition to explore the Equatoria region south of the Sudan, and to organize a new Egyptian province there. A British explorer and engineer named Samuel White Baker who had led an expedition down the Nile in 1865 was contracted by the Khedive to lead the Egyptian forces and to be the first Governor-General of the new territory..;;;;;;;;;;;;;x;;;;;;;;;;;
conquest_of_darfur_ARA_title;Begin Conquest of Darfur;;;;;;;;;;;;;x;;;;;;;;;;;
conquest_of_darfur_ARA_desc;An expansionist Khedive, Isma'il I moved to incorporate the territory of Darfur into the Egyptian Sudan in 1874.;;;;;;;;;;;;;x;;;;;;;;;;;
craftsmen_fix_cooldown;Craftsmen Fix Cooldown;;;;;;;;;;;;x,,,,,,,,,,,,,,,,,,,,,,,,,,,,,,,,,,,,,,,,,,,,,,,,,,,,,,,,,,,,,,,,,,,,,,,,,,,,,,,,;;;;;;;;;;;;
craftsmen_fix_cooldown_desc;Craftsmen Fix Cooldown is 10 years.;;;;;;;;;;;;;x,,,,,,,,,,,,;;;;;;;;;;;
bureaucrats_fix_cooldown;Non-Accepted Bureaucrats Fix Cooldown;;;;;;;;;;;;x,,,,,,,,,,,,,,,,,,,,,,,,,,,,,,,,,,,,,,,,,,,,,,,,,,,,,,,,,,,,,,,,,,,,,,,,,,,,,,,,;;;;;;;;;;;;
bureaucrats_fix_cooldown_desc;Non-Accepted Bureaucrats Fix Cooldown is 10 years.;;;;;;;;;;;;;x,,,,,,,,,,,,;;;;;;;;;;;
anti_italy_title;Form Anti-Italy;;;;;;;;;;;;;X,,,,,,,,,,,,,,;;;;;;;;;;;
anti_italy_desc;Our regional rivals are promoting pan-Italian nationalism in an attempt to legitimize the conquest of their neighbors! We must form a counter bloc to stop their clearly expansionist policy.
italy_victory_title;Italy Has Pervailed!;;;;;;;;;;;;;X,,,,,,,,,,,,,,;;;;;;;;;;;
italy_victory_desc;The Italian peninsula has been united! No longer will pretender elements exist within Italy.;;;;;;;;;;;;;X,,,,,,,,,,,,,,;;;;;;;;;;;
anti_italy_victory_title;Anti-Italy Has Prevailed!;;;;;;;;;;;;;X,,,,,,,,,,,,,,;;;;;;;;;;;
anti_italy_victory_desc;We have crushed our pathetic rival's attempt at unifying the Italian peninsula under their guise of nationalism. Now we must unite the Italian peninsula under OUR guise of nationalism!;;;;;;;;;;;;;X,,,,,,,,,,,,,,;;;;;;;;;;;
ait_italia_irredenta_title;Italia Irredenta;;;;;;;;;;;;;X,,,,,,,,,,,,,,;;;;;;;;;;;
ait_italia_irredenta_desc;The Italian Irredentist movement strove for the transfer to the Kingdom of Italy of all territories in the immediate vicinity of the Kingdom which were largely or partly seen as populated by ethnic Italians. Not only did this include claims to Austrian lands in Italy proper, but it also meant territorial ambitions further into Dalmatia, and Austria.;;;;;;;;;;;;;X,,,,,,,,,,,,,,;;;;;;;;;;;
ait_claim_the_adriatic_title;Claim the Adriatic;;;;;;;;;;;;;X,,,,,,,,,,,,,,;;;;;;;;;;;
ait_claim_the_adriatic_desc;The Adriatic Sea, a region that is historically Italian, is within our grasp and many Italians live in the lands around it to this day. It's time to assert our hegemony on the territory around it, safeguarding the Italians that still live there.;;;;;;;;;;;;;X,,,,,,,,,,,,,,;;;;;;;;;;;
annex_ai_australia_title;Annex AI Australia;;;;;;;;;;;;;X,,,,,,,,,,,,,,;;;;;;;;;;;
annex_ai_australia_desc;If Australia is AI for the first year of the game, you may annex it automatically with this decision. DO NOT WAIT.;;;;;;;;;;;;;X,,,,,,,,,,,,,,;;;;;;;;;;;
annex_ai_south_africa_title;Annex AI South Africa;;;;;;;;;;;;;X,,,,,,,,,,,,,,;;;;;;;;;;;
annex_ai_south_africa_desc;If South Africa is AI for the first year of the game, you may annex it automatically with this decision. DO NOT WAIT.;;;;;;;;;;;;;X,,,,,,,,,,,,,,;;;;;;;;;;;
annex_ai_canada_title;Annex AI Canada;;;;;;;;;;;;;X,,,,,,,,,,,,,,;;;;;;;;;;;
annex_ai_canada_desc;If Canada is AI for the first year of the game, you may annex it automatically with this decision. DO NOT WAIT.;;;;;;;;;;;;;X,,,,,,,,,,,,,,;;;;;;;;;;;
EVTNAME9999901;Craftsmen Exploit Salvage;;;;;;;;;;;;;;x
EVTDESC9999901;This event converts all non-core/non-accepted craftsmen on your cores into artisans.;;;;;;;;;;;;;;x
EVT2600OPTA;Integrate Them.;;;;;;;;;;;;;;;;;;;;;;;x;;;;;;;;;;;;;;;;;;;;;;;;;;;x
EVT2600OPTB;Reject Them.;;;;;;;;;;;;;;;;;;;;;;;x;;;;;;;;;;;;;;;;;;;;;;;;;;;x
EVT2605OPTA;Hurrah!;;;;;;;;;;;;;;;;;;;;;;;x;;;;;;;;;;;;;;;;;;;;;;;;;;;x
unciv_protection_on_title;1865 Protection ON (Unavailable after 1836);;;;;;;;;;;;;;x
unciv_protection_on_desc;China and Japan specific decision that protects you until 1865 from acquire land CBs, but also blocks you from building them.USE AT YOUR OWN DISCRETION.;;;;;;;;;;;;;;x
unciv_protection_off_title;1865 Protection OFF (Unavailable after 1836);;;;;;;;;;;;;;x
unciv_protection_off_desc;China and Japan specific decision that turns off your protection from acquire land CBs, that you otherwise would have until 1865. USE AT YOUR OWN DISCRETION.;;;;;;;;;;;;;;x
craftsmen_fix_title;Craftsmen Salvage Decision (10 year cooldown);;;;;;;;;;;;;;x
craftsmen_fix_desc;This decision is intended to salvage your country after it has been craftsmen hijacked. It will revert all non-core/non-accepted craftsmen on your cores to artisans so that your core craftsmen will start working. (Think South Germans in Venetia hijacking.) BECAREFUL OF USE.;;;;;;;;;;;;;;x
bureaucrats_fix_title;Non-Accepted Bureaucrats Decision (10 year cooldown);;;;;;;;;;;;;;x
bureaucrats_fix_desc;This decision is intended to convert non-accepted Bureaucrats into Artisans, in both states and colonies, so they stop getting fat off of state admin funding.;;;;;;;;;;;;;;x
britain_sphere_jap_title;Ask The British Empire for Support;;;;;;;;;;;;;;x
britain_sphere_jap_desc;The world's oceans are big enough for the two of us, surely the British Empire will understand then that we require her resources to prosper in our time of need. (Decision only available in 1836);;;;;;;;;;;;;;x
usa_sphere_jap_title;Ask the United States for Support;;;;;;;;;;;;;;x
usa_sphere_jap_desc;Clearly we cannot trust other interests in Asia, but we can't fuel this machine on good will. There appears to be a budding nation across the Pacific... they may be able to provide us with markets in our time of need. (Decision only available in 1836);;;;;;;;;;;;;;x
rus_sphere_jap_title;Ask Russian Empire for Support;;;;;;;;;;;;;;x
rus_sphere_jap_desc;If our interests are in China, then surely allying ourselves with the next best thing to overcome her would be the right course of action. (Decision only available in 1836);;;;;;;;;;;;;;x
change_tech_school_on_title;Change Tech School (Hidden);;;;;;;;;;;;;;x
change_tech_school_on_desc;Show Tech School Decisions;;;;;;;;;;;;;;x
change_tech_school_off_title;Change Tech School (Showing);;;;;;;;;;;;;;x
change_tech_school_off_desc;Hide Tech School Decisions;;;;;;;;;;;;;;x
player_alliances_title;Ally All Player Nations;;;;;;;;;;;;;;x
player_alliances_desc;Automatically allies all player nations. DO NOT SPAM.;;;;;;;;;;;;;;x
total_war_cb_title;Enables Total Annexation CBs;;;;;;;;;;;;;;x
total_war_cb_desc;Enables total annexation CBs for players in the game. (Requires no building);;;;;;;;;;;;;;x
total_war_cb_safety_title;Total Annexation CBs Safety Decision;;;;;;;;;;;;;;x
total_war_cb_safety_desc;Disables the safety on enabling Total Annexation CBs.;;;;;;;;;;;;;;x
csa_core_cleanup_title;Clean up old CSA cores;;;;;;;;;;;;;;x
csa_core_cleanup_desc;This decision removes the old CSA cores to help prevent a weird rebel issue that occurs because of core changes for the assimilation rework.;;;;;;;;;;;;;;x
form_peru_bolivia_confederation_title;Form The Peru-Bolivian Confederation;;;;;;;;;;;;;;x
form_peru_bolivia_confederation_desc;The time to unite the Andean peoples is upon us! We must create a vanguard nation state to call all Andeans home. Long live Peru-Bolivia!;;;;;;;;;;;;;;x
fuck_ai_immigration_title;Fuck AI Immigration;;;;;;;;;;;;;;x
fuck_ai_immigration_desc;This decision removes AI nations from immigration priority entirely. Immigrants will only go to player nations.;;;;;;;;;;;;;;x
enact_the_homestead_act_mexico_title;The Mexican Homestead Act
enact_the_homestead_act_mexico_desc;During this time period, there were land reforms in Mexico very similar to the United States Homestead Act.
assert_on_steppe_title;Assert Ourselves in Central Asia;;;;;;;;;;;;;;x
assert_on_steppe_desc;The Major Powers chaffing at our periphery is inclining us to attempt projecting into the steppe, but who could possibly own such a vast region with land ownership? The real value is the people themselves.;;;;;;;;;;;;;;x
#############################################;;;;;;;;;;;;;;x
double_down_in_the_balkans_title;Double Down in the Balkans;;;;;;;;;;;;x,,,,,,,,,,,,,,,,,,,,,,,,,,,,,,,,,,,,,,,,,,,,,,,,,,,,,,,,,,,,,,,,,,,,,,,,,,,,,,,,
double_down_in_the_balkans_desc;For too long have the peoples of the Balkans thwarted our efforts of expansion. Let us focus all our attention to the re-education and assimilation of these barbaric peoples.;;;;;;;;;;;;x,,,,,,,,,,,,,,,,,,,,,,,,,,,,,,,,,,,,,,,,,,,,,,,,,,,,,,,,,,,,,,,,,,,,,,,,,,,,,,,
#############################################;;;;;;;;;;;;;;x
#Additional Provinces;;;;;;;;;;;;;;x
#############################################;;;;;;;;;;;;;;x
PROV3258;Benevento;;;;;;;;;;;;;;;;;;;;;;;;;;;
PROV3259;Avellino;;;;;;;;;;;;;;;;;;;;;;;;;;;
PROV3260;Rieta;;;;;;;;;;;;;;;;;;;;;;;;;;;
PROV3261;Po River;;;;;;;;;;;;;;;;;;;;;;;;;;;
PROV3262;Danube River;;;;;;;;;;;;;;;;;;;;;;;;;;;
PROV3263;Rhine River;;;;;;;;;;;;;;;;;;;;;;;;;;;
PROV3264;Seine River;;;;;;;;;;;;;;;;;;;;;;;;;;;
PROV3265;Rhone River;;;;;;;;;;;;;;;;;;;;;;;;;;;
PROV3266;Elbe River;;;;;;;;;;;;;;;;;;;;;;;;;;;
PROV3267;Vistula River;;;;;;;;;;;;;;;;;;;;;;;;;;;
PROV3268;Dnieper River;;;;;;;;;;;;;;;;;;;;;;;;;;;
PROV3269;Daugava River;;;;;;;;;;;;;;;;;;;;;;;;;;;
PROV3270;Volga River;;;;;;;;;;;;;;;;;;;;;;;;;;;
PROV3271;Loire River;;;;;;;;;;;;;;;;;;;;;;;;;;;
PROV3272;Oder River;;;;;;;;;;;;;;;;;;;;;;;;;;;
PROV3273;Nile River;;;;;;;;;;;;;;;;;;;;;;;;;;;
PROV3274;Elephantine;;;;;;;;;;;;;;;;;;;;;;;;;;;
PROV3275;Tigris and Euphrates River;;;;;;;;;;;;;;;;;;;;;;;;;;;
PROV3276;Indus River;;;;;;;;;;;;;;;;;;;;;;;;;;;
PROV3277;Ganges River;;;;;;;;;;;;;;;;;;;;;;;;;;;
PROV3278;Mekong River;;;;;;;;;;;;;;;;;;;;;;;;;;;
PROV3279;Pearl River;;;;;;;;;;;;;;;;;;;;;;;;;;;
PROV3280;Yangtze River;;;;;;;;;;;;;;;;;;;;;;;;;;;
PROV3281;Yellow River;;;;;;;;;;;;;;;;;;;;;;;;;;;
PROV3282;Dornogovi Aimag;;;;;;;;;;;;;;;;;;;;;;;;;;;
PROV3283;Liao River;;;;;;;;;;;;;;;;;;;;;;;;;;;
PROV3284;Amur River;;;;;;;;;;;;;;;;;;;;;;;;;;;
PROV3285;Tanchon;;;;;;;;;;;;;;;;;;;;;;;;;;;
PROV3286;Amnok and Duman River;;;;;;;;;;;;;;;;;;;;;;;;;;;
PROV3287;Mississippi Water System;;;;;;;;;;;;;;;;;;;;;;;;;;;
PROV3288;St. Lawrence River;;;;;;;;;;;;;;;;;;;;;;;;;;;
PROV3289;Rio Grande River;;;;;;;;;;;;;;;;;;;;;;;;;;;
PROV3290;Amazon River;;;;;;;;;;;;;;;;;;;;;;;;;;;
PROV3291;Orinoco River;;;;;;;;;;;;;;;;;;;;;;;;;;;
PROV3292;Uruguay River;;;;;;;;;;;;;;;;;;;;;;;;;;;
PROV3293;Paraguay River System;;;;;;;;;;;;;;;;;;;;;;;;;;;
PROV3294;Ebro River;;;;;;;;;;;;;;;;;;;;;;;;;;;
PROV3295;Lleida;;;;;;;;;;;;;;;;;;;;;;;;;;;
PROV3296;Congo River;;;;;;;;;;;;;;;;;;;;;;;;;;;
PROV3297;Niger River;;;;;;;;;;;;;;;;;;;;;;;;;;;
#############################################;;;;;;;;;;;;;;x
#Additional Tags and their connected info;;;;;;;;;;;;;;x
#############################################;;;;;;;;;;;;;;x
AIT;Anti-Italy;;;;;;;;;;;;;;;;;;;;;;;x;;;;
AIT_ADJ;Italian;;;;;;;;;;;;;;;;;;;;;;;x;;;;
PBC;Peru-Bolivia Confederation;;;;;;;;;;;;;;;;;;;;;;;x;;;;
PBC_ADJ;Peru-Bolivian;;;;;;;;;;;;;;;;;;;;;;;x;;;;
AIT_reactionary;Fazione Monarchica;Restorationiste;Ristorazionista;;Restauracionistas;;;;;;;;;x;;;;
AIT_conservative;La Destra;;;;;;;;;;;;;;;;;;;;;;;x;;;;
AIT_conservative_2;Partito Liberale Italiano;;;;;;;;;;;;;;;;;;;;;;;;;;;;;;x;;;;
AIT_conservative_3;Sinistra Dissidente;;;;;;;;;;;;;;;;;;;;;;;;;;;;x;;;;
AIT_liberal;La Sinistra;;;;;;;;;;;;;;;;;;;;;;;;x;;;;
AIT_liberal_2;Partito Repubblicano Italiano;;;;;;;;;;;;;;;;;;;;;;;;x;;;;
AIT_socialist;L'Estrema;;;;;;;;;;;;;;;;;;;;;;;;;;;x;;;;
AIT_socialist_2;Partito Socialista Italiano;;;;;;;;;;;;;;;;;;;;;;;x;;;;
AIT_anarcho_liberal;L'Estrema Liberale;;;;;;;;;;;;;;;;;;;;;;;x;;;;
AIT_communist;Partito Comunista d'Italia;;;;;;;;;;;;;;;;;;;;;x;;;;
AIT_fascist;Partito Nazionale Fascista;;;;;;;;;;;;;;;;;;;;;;x;;;;
AIT_reactionary;Fazione Monarchica;Fazione Monarchica;Fazione Monarchica;;Fazione Monarchica;;;;;;;;;x
AIT_conservative;Destra Liberale;Destra Liberale;Destra Liberale;;Destra Liberale;;;;;;;;;x
AIT_liberal;Sinistra Liberale;Sinistra Liberale;Sinistra Liberale;;Sinistra Liberale;;;;;;;;;x
AIT_liberal_2;Partito Repubblicano Italiano;Partito Repubblicano Italiano;Partito Repubblicano Italiano;;Partito Repubblicano Italiano;;;;;;;;;x
AIT_conservative_2;Partito Liberale Italiano;Partito Liberale Italiano;Partito Liberale Italiano;;Partito Liberale Italiano;;;;;;;;;x
AIT_conservative_3;Partito Popolare Italiano;Partito Popolare Italiano;Partito Popolare Italiano;;Partito Popolare Italiano;;;;;;;;;x
AIT_socialist;Partito Socialista Italiano;Partito Socialista Italiano;Partito Socialista Italiano;;Partito Socialista Italiano;;;;;;;;;x
AIT_anarcho_liberal;Estrema Sinistra Liberale;Estrema Sinistra Liberale;Estrema Sinistra Liberale;;Estrema Sinistra Liberale;;;;;;;;;x
AIT_communist;Partito Comunista d'Italia;Partito Comunista d'Italia;Partito Comunista d'Italia;;Partito Comunista d'Italia;;;;;;;;;x
AIT_fascist;Partito Nazionale Fascista;Partito Nazionale Fascista;Partito Nazionale Fascista;;Partito Nazionale Fascista;;;;;;;;;x
AIT_democracy;The Italian Republic;;;;;;;;;;;;;;x
AIT_bourgeois_dictatorship_ADJ;Italian;;;;;;;;;;;;;x
AIT_proletarian_dictatorship;The People's Republic of Italy;;;;;;;;;;;;;x
AIT_proletarian_dictatorship_ADJ;Italian;;;;;;;;;;;;;x
PBC_democracy;The Andean Republic;;;;;;;;;;;;;;x
PBC_bourgeois_dictatorship_ADJ;Peru-Bolivian;;;;;;;;;;;;;x
PBC_proletarian_dictatorship;The People's Republic of Peru-Bolivia;;;;;;;;;;;;;x
PBC_proletarian_dictatorship_ADJ;Peru-Bolivian;;;;;;;;;;;;;x
#############################################;;;;;;;;;;;;;;x
#Additional CBs;;;;;;;;;;;;;;x
#############################################;;;;;;;;;;;;;;x
demand_concession_casus_belli_china;Chinese Core Concession;;;;;;;;;;;
demand_concession_casus_belli_china_short;Demand $STATE$ from China;;;;;;;;;;;
demand_concession_casus_belli_china_desc;Force China to concede core territory.;;;;;;;;;;;
demand_concession_casus_belli_china_setup;Demand that $RECIPIENT$ secede territory.;;;;;;;;;;;
take_capital_earlygame;Take Capital Earlygame;;;;;;;;;;;
take_capital_earlygame_short;Acquire capital $STATE$.;;;;;;;;;;;
take_capital_earlygame_desc;Force target to concede its capital $STATE$.;;;;;;;;;;;
take_capital_earlygame_setup;Demand that $RECIPIENT$ secede its capital.;;;;;;;;;;;
take_capital_midgame;Take Capital Midgame;;;;;;;;;;;
take_capital_midgame_short;Acquire capital $STATE$.;;;;;;;;;;;
take_capital_midgame_desc;Force target to concede its capital $STATE$.;;;;;;;;;;;
take_capital_midgame_setup;Demand that $RECIPIENT$ secede its capital.;;;;;;;;;;;
take_capital_lategame;Take Capital Lategame;;;;;;;;;;;
take_capital_lategame_short;Acquire capital $STATE$.;;;;;;;;;;;
take_capital_lategame_desc;Force target to concede its capital $STATE$.;;;;;;;;;;;
take_capital_lategame_setup;Demand that $RECIPIENT$ secede its capital.;;;;;;;;;;;
#############################################;;;;;;;;;;;;;;x
#Additional Modifiers;;;;;;;;;;;;;;x
#############################################;;;;;;;;;;;;;;x
china_rp_nerf;Chinese RP from Conquest Nerf;;;;;;;;;;;;;x,,,,
china_rp_nerf_desc;Chinese research points from quest nerf (only matters for uncivs);;;;;;;;;;;;;x,,,,
the_homestead_act_mexico;Mexican Homestead Act;;;;;;;;;;;;;x,,,,
the_homestead_act_mexico_desc;An Alternative Homestead Act established by Mexico.;;;;;;;;;;;;;x,,,,
assimilation_fix_modifier;Assimilation Fix Modifier;;;;;;;;;;;;;x,,,,
assimilation_fix_modifier_desc;This modifier exists to counter the engine restricted assimilation modifier on pops who are on their cultural_union cores.;;;;;;;;;;;;;x,,,,
policestate_modifier;The Police State;;;;;;;;;;;;;x,,,,
policestate_modifier_desc;You have an active Police State.;;;;;;;;;;;;;x,,,,
one_party_state_modifier;One Party State;;;;;;;;;;;;;x,,,,
one_party_state_modifier_desc;You have an active One Party State.;;;;;;;;;;;;;x,,,,
totalitarianism_modifier;Totalitarian;;;;;;;;;;;;;x,,,,
totalitarianism_modifier_desc;You have an active Totalitarianist government.;;;;;;;;;;;;;x,,,,
leadership_principle_modifier;The Leadership Principle;;;;;;;;;;;;;x,,,,
leadership_principle_modifier_desc;Your people are enthralled by the Leadership Principle.;;;;;;;;;;;;;x,,,,
ultranationalism_modifier;Ultranationalism;;;;;;;;;;;;;x,,,,
ultranationalism_modifier_desc;Your people are enthralled by Ultranationalism.;;;;;;;;;;;;;x,,,,
collectivisation_modifier;Collectivisation;;;;;;;;;;;;;x,,,,
collectivisation_modifier_desc;Your people are enthralled by Collectivisation.;;;;;;;;;;;;;x,,,,
classless_society_modifier;Classless Society;;;;;;;;;;;;;x,,,,
classless_society_modifier_desc;Your people have created a Classless Society.;;;;;;;;;;;;;x,,,,
#############################################;;;;;;;;;;;;;;x
#Additional States;;;;;;;;;;;;;;x
#############################################;;;;;;;;;;;;;;x
DEB_1;Debug Islands;;;;;;;;;;;;;x;;
ALD_1700;Algiers;;;;;;;;;;;;;x;;
TUR_923;Iraq;;;;;;;;;;;;;x;;
RUS_999;Poltava;;;;;;;;;;;;;x;;
#############################################;;;;;;;;;;;;;;x
#Additional Cultures;;;;;;;;;;;;;;x
#############################################;;;;;;;;;;;;;;x
aryan;Persian;;;;;;;;;x;;;;
turkic;Turkic;;;;;;;;;x;;;;
bantu;Bantu;;;;;;;;;x;;;;
austronesian;Austronesian;;;;;;;;;x;;;;
niger_congo_a;Niger-Congo A;;;;;;;;;x;;;;
nilo_saharan;Nilo-Saharan;;;;;;;;;x;;;;
afro_asiatic;Afro-Asiatic;;;;;;;;;x;;;;
indo_aryan;Indo;;;;;;;;;x;;;;
dravidian;Dravidian;;;;;;;;;x;;;;
andean;Andean;;;;;;;;;x;;;;
bulgarian;Thracian;;;;;;;;;x;;;;
tatar;Crimean Gothic;;;;;;;;;x;;;;
azerbaijani;Tat;;;;;;;;;x;;;;
manchu;Jurchen;;;;;;;;;x;;;;
quechua;Quechua;;;;;;;;;x;;;;
aimara;Aimara;;;;;;;;;x;;;;
nahua;Nahua;;;;;;;;;x;;;;
maghrebi;African;;;;;;;;;x;;;;
#############################################;;;;;;;;;;;;;;x
#Additional Generic Fixes and Additions;;;;;;;;;;;;;;x
#############################################;;;;;;;;;;;;;;x
UNIT_BUILD_TIME_IW;$VAL$ days.;$VAL$ jours.;$VAL$ Tage.;;$VAL$ d?s.;;;;;;;;;x;;;;;;;;;;;;;;;;
#############################################;;;;;;;;;;;;;;x
#Additional Inventions;;;;;;;;;;;;;;x
#############################################;;;;;;;;;;;;;;x
industrial_tanneries;Industrial Tanneries;;;;;;;;;;;;;;;;;;;;x,,,,,;;;;;;;;;;;;;;;;;;;;
industrial_tanneries_desc;In the Victorian era tanneries were often close to the abattoirs and so the skins would often arrive at the tannery fresh and unsalted. With industrial levels of meat consumption, it was inevitable that the leather industry advance as well.;;;;;;;;;;;;;;;;;;;;x,,,,,;;;;;;;;;;;;;;;;;;;;
offensive_infantry_activation;Activate Offensive Infantry;;;;;;;;;;;;;;;;;;;;x,,,,,;;;;;;;;;;;;;;;;;;;;
defensive_infantry_activation;Activate Defensive Infantry;;;;;;;;;;;;;;;;;;;;x,,,,,;;;;;;;;;;;;;;;;;;;;
offensive_artillery_activation;Activate Offensive Artillery;;;;;;;;;;;;;;;;;;;;x,,,,,;;;;;;;;;;;;;;;;;;;;
defensive_artillery_activation;Activate Defensive Artillery;;;;;;;;;;;;;;;;;;;;x,,,,,;;;;;;;;;;;;;;;;;;;;
#############################################;;;;;;;;;;;;;;x
#Additional Triggered Modifiers;;;;;;;;;;;;;;x
#############################################;;;;;;;;;;;;;;x
political_reformed_nation;Politically Liberal State;;;;;;;;;;;;;;;;;;;;;;;;x;;;;
political_reformed_nation_desc;Our country political reforms match every liberal demand, giving us international recognition as a truly free state.;;;;;;;;;;;;;;;;;;;;;;;;x;;;;
#############################################;;;;;;;;;;;;;;x
#Little Dark Age Changes;;;;;;;;;;;;;;x
#############################################;;;;;;;;;;;;;;x
spanish;Romano-Hispanic;;;;;;;;;;;;;;x
visigoth;Visigothic;;;;;;;;;;;;;;x
suebia;Suebia;;;;;;;;;;;;;;x
PROV518;Braga;;;;;;;;;;;;;;x
create_british_empire_title;Create Britannia;;;;;;;;;;;;;;x
create_british_empire_desc;Through our domination of the isles we can now unify the celts. Our potential is now no longer bound to these islands and various paths to greatness have opened up for us;;;;;;;;;;;;;;x
reclaim_rome_title;Reclaim Rome;;;;;;;;;;;;;;x
reclaim_rome_desc;To watch the heart of a once great empire fall brings great anguish to many, but fortunately the ostrogoths have proven themselves to be weak.\n\n§RIf you select this you are locked out of Southern and Armenian Expansion\n \n§GThis will also allow us to accept Roman once more\n;;;;;;;;;;;;;;x
reclaim_proconsularis_title;Reclaim Proconsularis;;;;;;;;;;;;;;x
reclaim_proconsularis_desc;The vandals have been vanquished and with our now control over the lands we can integrate these provinces back into the empire.\n\n§RIf you select this you are locked out of Southern and Armenian Expansion\n \n§GThis will also allow us to accept Romano African later on\n;;;;;;;;;;;;;;x
welsh;Briton;;;;;;;;;;;;;;x
create_pannonia_title;Unite as Pannonia;;;;;;;;;;;;;;x
create_pannonia_desc;With brute force we can carve out our own empire;;;;;;;;;;;;;;x
french;Romano-Gallic;;;;;;;;;;;;;;x
wallonian;Istvaeonic;;;;;;;;;;;;;;x
flemish;Burgundian;;;;;;;;;;;;;;x
dutch;Frisian;;;;;;;;;;;;;;x
danish;Jute;;;;;;;;;;;;;;x
czech;Thuringian;;;;;;;;;;;;;;x
north_german;Ingvaeonic;;;;;;;;;;;;;;x
south_german;Irminonic;;;;;;;;;;;;;;x
swiss;Vandal;;;;;;;;;;;;;;x
roman_african;Romano-African;;;;;;;;;;;;;;x
sardinian;Romano-Sardinian;;;;;;;;;;;;;;x
aramaic;Aramaic-Assyrian;;;;;;;;;;;;;;x
north_italian;Roman;;;;;;;;;;;;;;x
swedish;Norse;;;;;;;;;;;;;;x
gepid;Gepid;;;;;;;;;;;;;;x
dachian;Dacian;;;;;;;;;;;;;;x
illyrian;Romano-Illyrian;;;;;;;;;;;;;;x
lombard;Langobardic;;;;;;;;;;;;;;x
ostrogothic;Ostrogothic;;;;;;;;;;;;;;x
PROV300;Londinium;;;;;;;;;;;;;;x
PROV393;Tornacum;;;;;;;;;;;;;;x
PROV498;Barcidlona;;;;;;;;;;;;;;x
PROV489;Toletum;;;;;;;;;;;;;;x
PROV1725;Carthago;;;;;;;;;;;;;;x
PROV1736;Cyrenaica;;;;;;;;;;;;;;x
PROV495;Caesaraugusta;;;;;;;;;;;;;;x
PROV749;Roma;;;;;;;;;;;;;;x
PROV764;Syracuse;;;;;;;;;;;;;;x
PROV875;Attaleia;;;;;;;;;;;;;;x
PROV915;Tyre;;;;;;;;;;;;;;x
PROV918;Galilee;;;;;;;;;;;;;;x
PROV926;Ctesiphon;;;;;;;;;;;;;;x
PROV932;Maysan;;;;;;;;;;;;;;x
PROV856;Amathus;;;;;;;;;;;;;;x
PROV2172;Mexico;;;;;;;;;;;;;;x
PROV232;New Eburakon;;;;;;;;;;;;;;x
PROV966;Panticapaeum;;;;;;;;;;;;;;x
PROV502;Gymnasiae;;;;;;;;;;;;;;x
PROV1709;Hippo Regius;;;;;;;;;;;;;;x
slavs;Slavic;;;;;;;;;;;;;;x
south_slavs;South Slavic;;;;;;;;;;;;;;x
balts;Baltic;;;;;;;;;;;;;;x
goths;East Germanic;;;;;;;;;;;;;;x
frankish;Frankish;;;;;;;;;;;;;;x
burgundian;Burgund;;;;;;;;;;;;;;x
romano_hispanic;Romano-Hispanic;;;;;;;;;;;;;;x
romano_gallic;Romano-Gallic;;;;;;;;;;;;;;x
roman;Roman;;;;;;;;;;;;;;x
romano_illyrian;Romano-Illyrian;;;;;;;;;;;;;;x
pictish;Pictish;;;;;;;;;;;;;;x
brythonic;Brythonic;;;;;;;;;;;;;;x
zoroastrianism;Zoroastrian;;;;;;;;;;;;;;x
catholic;Christian;;;;;;;;;;;;;;x
mongol;Xianbei;;;;;;;;;;;;;;x
PROV220;Athens;;;;;;;;;;;;;;x
PROV205;Marathon;;;;;;;;;;;;;;x
PROV238;Syracuse;;;;;;;;;;;;;;x
PROV218;Sparta;;;;;;;;;;;;;;x
PROV2163;Thebes;;;;;;;;;;;;;;x
PROV2209;Troy;;;;;;;;;;;;;;x
PROV2131;Ithaka;;;;;;;;;;;;;;x
PROV2222;Rhodos;;;;;;;;;;;;;;x
PROV132;Memphis;;;;;;;;;;;;;;x
PROV134;Alexandria;;;;;;;;;;;;;;x
PROV2447;Rome;;;;;;;;;;;;;;x
PROV200;Carthago;;;;;;;;;;;;;;x
PROV67;Danelaw;;;;;;;;;;;;;;x
PROV70;Gotenland;;;;;;;;;;;;;;x
PROV2150;Londinium Australis;;;;;;;;;;;;;;x
PROV2492;Pannonia Australis;;;;;;;;;;;;;;x
PROV2096;Port Trajan;;;;;;;;;;;;;;x
infantry;Gunpowder Infantry;;;;;;;;;;;;;;x
defensive_artillery;Siege Artillery;;;;;;;;;;;;;;x
offensive_artillery;Field Artillery;;;;;;;;;;;;;;x
move_capital_POR_title;Move our capital!;;;;;;;;;;;;;;x
move_capital_POR_desc;We should move our capital to a better spot;;;;;;;;;;;;;;x
renounce_arianism_POR_title;Renounce Arianism;;;;;;;;;;;;;;x
renounce_arianism_POR_desc;We hereby declare that we will no longer support this heretic nonsense within our empire;;;;;;;;;;;;;;x 
hispano_roman_prominence_POR_title;Iberian Prominence;;;;;;;;;;;;;;x 
hispano_roman_prominence_POR_desc;If we seek to maintain our rule we will need to assimilate into the local culture;;;;;;;;;;;;;;x 
move_capital_spa_title;Move our capital!;;;;;;;;;;;;;;x
move_capital_spa_desc;We should move our capital to a better spot;;;;;;;;;;;;;;x
renounce_arianism_spa_title;Renounce Arianism;;;;;;;;;;;;;;x
renounce_arianism_spa_desc;We hereby declare that we will no longer support this heretic nonsense within our empire;;;;;;;;;;;;;;x 
hispano_roman_prominence_title;Iberian Prominence;;;;;;;;;;;;;;x 
hispano_roman_prominence_desc;If we seek to maintain our rule we will need to assimilate into the local culture;;;;;;;;;;;;;;x 
move_capital_fra_title;Move our capital!;;;;;;;;;;;;;;x
move_capital_fra_desc;We should move our capital to a better spot;;;;;;;;;;;;;;x
gallo_roman_prominence_title;Gaulic Prominence;;;;;;;;;;;;;;x 
gallo_roman_prominence_desc;As time goes by, we rely more and more on the native Romans to teach our highborn children, collect taxes, and man the administration required to turn a kingdom into a true empire. It is time we embrace our Latin peoples as we protect them.;;;;;;;;;;;;;;x 
move_capital_ita_title;Move our capital!;;;;;;;;;;;;;;x
move_capital_ita_desc;We should move our capital to a better spot;;;;;;;;;;;;;;x
renounce_arianism_ita_title;Renounce Arianism;;;;;;;;;;;;;;x 
renounce_arianism_ita_desc;We hereby declare that we will no longer support this heretic nonsense within our empire;;;;;;;;;;;;;;x 
italo_roman_prominence_title;Roman Prominance;;;;;;;;;;;;;;x 
italo_roman_prominence_desc;If we seek to maintain our rule we will need to assimilate into the local culture;;;;;;;;;;;;;;x 
renounce_arianism_van_title;Renounce Arianism;;;;;;;;;;;;;;x 
renounce_arianism_van_desc;;We hereby declare that we will no longer support this heretic nonsense within our empire;;;;;;;;;;;;;;x 
renounce_arianism_fraa_title;Renounce Arianism;;;;;;;;;;;;;;x 
renounce_arianism_fraa_desc;;We hereby declare that we will no longer support this heretic nonsense within our empire;;;;;;;;;;;;;;x 
african_roman_prominence_title;African Prominance;;;;;;;;;;;;;;x 
african_roman_prominence_desc;If we seek to maintain our kangdom we will need to assimilate into the local culture;;;;;;;;;;;;;;x 
create_roman_african_empire_title;Realize the Africa Idea;;;;;;;;;;;;;;x 
create_roman_african_empire_desc;Our nation has not only survived, but have established ourselves as the dominant power of North Africa;;;;;;;;;;;;;;x 
create_gothic_empire_title;Unite the Gothic Kingdoms;;;;;;;;;;;;;;x 
create_gothic_empire_desc;We now have the power to reunite the pieces of the Western Roman Empire and to become a great and powerful Gothic Empire.;;;;;;;;;;;;;;x 
norse_pagan;Pagan;;;;;;;;;;;;;;x 
suebian;Suebi;;;;;;;;;;;;;;x 
create_holy_roman_empire_title;Create a Holy Roman Empire;;;;;;;;;;;;;;x 
create_holy_roman_empire_desc;I'm gonna be honest I don't get this one;;;;;;;;;;;;;;x 
form_slavland_title;Proclaim a Slavic Nation;;;;;;;;;;;;;;x 
form_slavland_desc;Our domination over the Eastern Europe is complete, and the time has come to declare a single states of all the Slavs. The Great Bear has finally risen, and now Europe shall fear us!;;;;;;;;;;;;;;x 
form_south_slavland_title;Form the South Slav Federation;;;;;;;;;;;;;;x 
form_slavland_title;Our position amongst the South Slavic nations have permitted us to establish a new federation and be one step closer in uniting all slavs!;;;;;;;;;;;;;;x 
make_germany_title;Unification of Germania;;;;;;;;;;;;;;x 
make_germany_desc;No longer shall we be isolated tribes that squabble amongst ourselves for the benefit of foreign empires, but instead a new united nation that could threaten even Rome itself;;;;;;;;;;;;;;x
lombard_invasion_of_italy_title;Invade Italy;;;;;;;;;;;;;;x 
lombard_invasion_of_italy_desc;Italy has shown its weakness to us and we must establish a proper homeland for our people.;;;;;;;;;;;;;;x 
successful_lombard_invasion_of_italy_title;Settle Italy;;;;;;;;;;;;;;x 
successful_lombard_invasion_of_italy_desc;The Ostrogoths have been cleared out and our migration is now complete;;;;;;;;;;;;;;x 
thracian;Thracian;;;;;;;;;;;;;;x 
arian;Arian;;;;;;;;;;;;;;x 
SMA;Small Sized State;;;;;;;;;;;;;;x 
MED;Medium Sized State;;;;;;;;;;;;;;x 
LRG;Large Sized State;;;;;;;;;;;;;;x 
HUG;Huge Sized State;;;;;;;;;;;;;;x 
acquire_core_state_small;Take Small Core State;;;;;;;;;;;;;;x
acquire_core_state_small_short;Acquire $STATE$;;;;;;;;;;;;;;x
acquire_core_state_small_desc;This CB fixes the warscore value in order to keep warscore values consistent and prevent exploits.;;;;;;;;;;;;;;x
acquire_core_state_small_setup;Demand that $RECIPIENT$ secede territory.;;;;;;;;;;;;;;x
acquire_core_state_medium;Take Medium Core State;;;;;;;;;;;;;;x
acquire_core_state_medium_short;Acquire $STATE$;;;;;;;;;;;;;;x
acquire_core_state_medium_desc;This CB fixes the warscore value in order to keep warscore values consistent and prevent exploits.;;;;;;;;;;;;;;x
acquire_core_state_medium_setup;Demand that $RECIPIENT$ secede territory.;;;;;;;;;;;;;;x
acquire_core_state_large;Take Large Core State;;;;;;;;;;;;;;x
acquire_core_state_large_short;Acquire $STATE$;;;;;;;;;;;;;;x
acquire_core_state_large_desc;This CB fixes the warscore value in order to keep warscore values consistent and prevent exploits.;;;;;;;;;;;;;;x
acquire_core_state_large_setup;Demand that $RECIPIENT$ secede territory.;;;;;;;;;;;;;;x
acquire_core_state_huge;Take Huge Core State;;;;;;;;;;;;;;x
acquire_core_state_huge_short;Acquire $STATE$;;;;;;;;;;;;;;x
acquire_core_state_huge_desc;This CB fixes the warscore value in order to keep warscore values consistent and prevent exploits.;;;;;;;;;;;;;;x
acquire_core_state_huge_setup;Demand that $RECIPIENT$ secede territory.;;;;;;;;;;;;;;x
acquire_state_small;Take Small State;;;;;;;;;;;;;x
acquire_state_small_short;Acquire $STATE$;;;;;;;;;;;;;x
acquire_state_small_desc;This CB fixes the warscore value in order to keep warscore values consistent and prevent exploits.;;;;;;;;;;;;;x
acquire_state_small_setup;Demand that $RECIPIENT$ secede territory.;;;;;;;;;;;;;x
acquire_state_medium;Take Medium State;;;;;;;;;;;;;x
acquire_state_medium_short;Acquire $STATE$;;;;;;;;;;;;;x
acquire_state_medium_desc;This CB fixes the warscore value in order to keep warscore values consistent and prevent exploits.;;;;;;;;;;;;;x
acquire_state_medium_setup;Demand that $RECIPIENT$ secede territory.;;;;;;;;;;;;;x
acquire_state_large;Take Large State;;;;;;;;;;;;;x
acquire_state_large_short;Acquire $STATE$;;;;;;;;;;;;;x
acquire_state_large_desc;This CB fixes the warscore value in order to keep warscore values consistent and prevent exploits.;;;;;;;;;;;;;x
acquire_state_large_setup;Demand that $RECIPIENT$ secede territory.;;;;;;;;;;;;;x
acquire_state_huge;Take Huge State;;;;;;;;;;;;;x
acquire_state_huge_short;Acquire $STATE$;;;;;;;;;;;;;x
acquire_state_huge_desc;This CB fixes the warscore value in order to keep warscore values consistent and prevent exploits.;;;;;;;;;;;;;x
acquire_state_huge_setup;Demand that $RECIPIENT$ secede territory.;;;;;;;;;;;;;x
acquire_state_tiny;Take Tiny State;;;;;;;;;;;;;x
acquire_state_tiny_short;Acquire $STATE$;;;;;;;;;;;;;x
acquire_state_tiny_desc;This CB fixes the warscore value in order to keep warscore values consistent and prevent exploits.;;;;;;;;;;;;;x
acquire_state_tiny_setup;Demand that $RECIPIENT$ secede territory.;;;;;;;;;;;;;x
demand_concession_capital;Demand Capital Concession;;;;;;;;;;;;;x
conquest_tiny;Tiny Conquest;;;;;;;;;;;;;x
war_reparations;War Reparations;;;;;;;;;;;;;x
war_reparations_setup;Demand our enemy pays for the damage they caused during the war;;;;;;;;;;;;;x
war_reparations_desc;Demand our enemy pays for the damage they caused during the war;;;;;;;;;;;;;x
TIN;Tiny Sized State;;;;;;;;;;;;;;x 
CHR;Majority Christian State;;;;;;;;;;;;;;x 
ARN;Majority Arian State;;;;;;;;;;;;;;x 
BUD;Majority Buddhist State;;;;;;;;;;;;;;x 
NPG;Majority European Pagan State;;;;;;;;;;;;;;x 
christian_rebels_name;Christian Rebels;;;;;;;;;;;;;;x 
norsepagan_rebels_name;European Pagan Rebels;;;;;;;;;;;;;;x 
zoroastrian_rebels_name;Zoroastrian Rebels;;;;;;;;;;;;;;x 
arian_rebels_name;Arian Rebels;;;;;;;;;;;;;;x 
arian_rebels_desc;Religious Rebels seek to convert the nation to their religion and to establish a theocracy;;;;;;;;;;;;;;x 
christian_rebels_desc;Religious Rebels seek to convert the nation to their religion and to establish a theocracy;;;;;;;;;;;;;;x 
norsepagan_rebels_desc;Religious Rebels seek to convert the nation to their religion and to establish a theocracy;;;;;;;;;;;;;;x 
zoroastrian_rebels_desc;Religious Rebels seek to convert the nation to their religion and to establish a theocracy;;;;;;;;;;;;;;x 
convert_religion_christian;Convert to Christianity;;;;;;;;;;;;;;x 
convert_religion_arian;Convert to Arianism;;;;;;;;;;;;;;x 
convert_religion_zoroastrianism;Convert to Zoroastrianism;;;;;;;;;;;;;;x 
convert_religion_christian_desc;Forces a nation to convert to the true faith!;;;;;;;;;;;;;;x 
convert_religion_arian_desc;Force a nation to convert our religion;;;;;;;;;;;;;;x 
convert_religion_zoroastrianism_desc;Force a nation to convert to our religion and join our sphere;;;;;;;;;;;;;;x 
convert_religion_christian_setup;Forces a nation to convert to the true faith and join our sphere;;;;;;;;;;;;;;x 
convert_religion_arian_setup;Force a nation to convert our religion and join our sphere;;;;;;;;;;;;;;x 
convert_religion_zoroastrianism_setup;Force a nation to convert to our religion and join our sphere;;;;;;;;;;;;;;x 
organize_quebec_desc;Our colony in Atlantia must be organized for some amount of self government;;;;;;;;;;;;;x,,,,,,,,,,,,,,,,,,,,,
organize_new_york_desc;Our colony in Atlantia must be organized for some amount of self government;;;;;;;;;;;;;x,,,,,,,,,,,,,,,,,,,,,
organize_virginia_desc;Our colony in Atlantia must be organized for some amount of self government;;;;;;;;;;;;;x,,,,,,,,,,,,,,,,,,,,,
organize_dixie_desc;The greatest plantations in the world exist not in Egypt, but in the land between Tehas and the Atlantic. Some have petitioned for them to have their own freedom of trade and governance;;;;;;;;;;;;;x,,,,,,,,,,,,,,,,,,,,,
organize_texas_desc;The land the natives call 'Tehas' is dry and hard to farm in. Several business men have come to our government to charter a corperation there.;;;;;;;;;;;;;x,,,,,,,,,,,,,,,,,,,,,
organize_california_desc;Our colony in Atlantia must be organized for some amount of self government;;;;;;;;;;;;;x,,,,,,,,,,,,,,,,,,,,,
organize_cascadia_desc;Our colony in Atlantia must be organized for some amount of self government;;;;;;;;;;;;;x,,,,,,,,,,,,,,,,,,,,,
organize_heartland_desc;Our colony in Atlantia must be organized for some amount of self government;;;;;;;;;;;;;x,,,,,,,,,,,,,,,,,,,,,
organize_canada_desc;Our colony in Atlantia must be organized for some amount of self government;;;;;;;;;;;;;x,,,,,,,,,,,,,,,,,,,,,
organize_cuba_desc;Our colony in Atlantia must be organized for some amount of self government;;;;;;;;;;;;;x,,,,,,,,,,,,,,,,,,,,,
organize_north_mexico_desc;Our colony in Atlantia must be organized for some amount of self government;;;;;;;;;;;;;x,,,,,,,,,,,,,,,,,,,,,
organize_brazil_desc;Termed "Brazilwood", the trees that grow in this region of the world have led to a very successful colony. Planters have lobbied the government for a free government and reduced tariffs;;;;;;;;;;;;;x,,,,,,,,,,,,,,,,,,,,,
organize_south_brazil_desc;Our colony in Atlantia must be organized for some amount of self government;;;;;;;;;;;;;x,,,,,,,,,,,,,,,,,,,,,
organize_argentina_desc;Our colony in Atlantia must be organized for some amount of self government;;;;;;;;;;;;;x,,,,,,,,,,,,,,,,,,,,,
organize_oz_desc;Our colony in Australia must be organized for some amount of self government;;;;;;;;;;;;;x,,,,,,,,,,,,,,,,,,,,,
organize_kiwiland_desc;Our colony in Australia must be organized for some amount of self government;;;;;;;;;;;;;x,,,,,,,,,,,,,,,,,,,,,
organize_saffrica_desc;Our colony in Sub Saharan Africa must be organized for some amount of self government;;;;;;;;;;;;;x,,,,,,,,,,,,,,,,,,,,,
organize_quebec_title;Organize Quebec;;;;;;;;;;;;;x,,,,,,,,,,,,,,,,,,,,,
organize_new_york_title;Organize New Eburkaon;;;;;;;;;;;;;x,,,,,,,,,,,,,,,,,,,,,
organize_virginia_title;Organize Virginia;;;;;;;;;;;;;x,,,,,,,,,,,,,,,,,,,,,
organize_dixie_title;Organize the South;;;;;;;;;;;;;x,,,,,,,,,,,,,,,,,,,,,
organize_texas_title;Organize Tehas;;;;;;;;;;;;;x,,,,,,,,,,,,,,,,,,,,,
organize_california_title;Organize California;;;;;;;;;;;;;x,,,,,,,,,,,,,,,,,,,,,
organize_cascadia_title;Organize Cascadia;;;;;;;;;;;;;x,,,,,,,,,,,,,,,,,,,,,
organize_heartland_title;Organize the Heartland;;;;;;;;;;;;;x,,,,,,,,,,,,,,,,,,,,,
organize_canada_title;Organize Canada;;;;;;;;;;;;;x,,,,,,,,,,,,,,,,,,,,,
organize_cuba_title;Organize Cuba;;;;;;;;;;;;;x,,,,,,,,,,,,,,,,,,,,,
organize_north_mexico_title;Organize the Republic of the Rio Grande;;;;;;;;;;;;;x,,,,,,,,,,,,,,,,,,,,,
organize_brazil_title;Organize Brazil;;;;;;;;;;;;;x,,,,,,,,,,,,,,,,,,,,,
organize_south_brazil_title;Organize Soth Brazil;;;;;;;;;;;;;x,,,,,,,,,,,,,,,,,,,,,
organize_argentina_title;Oganize Argentina;;;;;;;;;;;;;x,,,,,,,,,,,,,,,,,,,,,
organize_oz_title;Organize Australia Superior;;;;;;;;;;;;;x,,,,,,,,,,,,,,,,,,,,,
organize_kiwiland_title;Organize Australia Inferior;;;;;;;;;;;;;x,,,,,,,,,,,,,,,,,,,,,
organize_saffrica_title;Organize South Africa;;;;;;;;;;;;;x,,,,,,,,,,,,,,,,,,,,,
battle_of_camlann_title;The Battle at Camlann;;;;;;;;;;;;;x,,,,,,,,,,,,,,,,,,,,,
battle_of_camlann_desc;The Battle at Camlann has resulted in our King, Arthur, dying while trying to keep the Angles off of Britiain. Our military is reinvigorated and wont stop until we push the Angles out to the sea!;;;;;;;;;;;;;x,,,,,,,,,,,,,,,,,,,,,
GER_alps_claim_title;Noricum to Austria;;;;;;;;;;;;x,,,,,,,,,,,,,,,,,,,,,,,,,,,,,,,,,,,,,,,,,,,,,,,,,,,,,,,,,,,,,,,,,,,,,,,,,,,,,,,,
GER_alps_claim_desc;Ever since the reign of Aurelian, Germanic tribes migrated into the old Roman province of Noricum. For centuries, our brothers toiled under the crumbling empire. Now, with the empire ever a distant memory, and the acendency of a united Germania, we've conquered the defunct province. It's time to integrate the lands as a true part of Magna Germania.;;;;;;;;;;;;x,,,,,,,,,,,,,,,,,,,,,,,,,,,,,,,,,,,,,,,,,,,,,,,,,,,,,,,,,,,,,,,,,,,,,,,,,,,,,,,,
GER_ost_claim_title;Stemming the Slavic Tide;;;;;;;;;;;;x,,,,,,,,,,,,,,,,,,,,,,,,,,,,,,,,,,,,,,,,,,,,,,,,,,,,,,,,,,,,,,,,,,,,,,,,,,,,,,,,
GER_ost_claim_desc;In the wake of Attila's rampage across europe, Slavic tribes move ever westwards onto the old lands of Magna Germania, displacing our people and replacing them with their own. After a number of victories against the Slavs, we've secured these lands once more, never to lose them again.;;;;;;;;;;;;x,,,,,,,,,,,,,,,,,,,,,,,,,,,,,,,,,,,,,,,,,,,,,,,,,,,,,,,,,,,,,,,,,,,,,,,,,,,,,,,,
die_wacht_am_rhein_desc;The Frankish lands on the eastern bank of the Rhine always presented a threat to the free peoples of Germania. Now, like Herman of old, we've pushed the Romanophile Franks back across the Rhine for good!;;;;;;;;;;;;;;;;;;;;;;;;;;;x
form_superfinlandland_title;Unite Hyperborea;;;;;;;;;;;;x,,,,,,,,,,,,,,,,,,,,,,,,,,,,,,,,,,,,,,,,,,,,,,,,,,,,,,,,,,,,,,,,,,,,,,,,,,,,,,,,
form_superfinlandland_desc;The Squabbling tribes and vast lands of the far north are finally united under a single banner. No more will unwashed nomads and southern invaders push us into submission. The North shall descend onto Eurasia, and the world will tremble in our wake.;;;;;;;;;;;;;;;;;;;;;;;;;;;x
coptic_acceptance_title;Southern Acceptance;;;;;;;;;;;;;;x 
coptic_acceptance_desc;The food output from Egypt has always been a valuable part of our Empire and the crucial border region of the levant. We should integrate their people into our Kingdom if we seek to hold off Persia.\n\n§RIf you select this you are locked out of Roman Expansion\n;;;;;;;;;;;;;;x 
armenian_acceptance_title;Armenian Acceptance;;;;;;;;;;;;;;x 
armenian_acceptance_desc;For centuries we have fought with Persia for influence over Armenia. Not only that, but the Armenians are also an important minority that we have on our Persian Border. To maintain national security we need to integrate their people. \n\n§RIf you select this you are locked out of Roman Expansion\n;;;;;;;;;;;;;;x 
second_council_of_constantinople_title;Second Council of Constantinople;;;;;;;;;;;;;;x 
second_council_of_constantinople_desc;Our religious unity is being threatened by the schisms between Chalcedonians, those who believe Jesus Christ has 2 natures divine and human, and Monophysites, who believe Jesus Christ has only a single divine will. The Lakhmids and Ghassinids are on the verge of breaking away from both the church and our influence. In order to preserve Christendom, we need to hold an ecumenical council to reconcile these beliefs;;;;;;;;;;;;;;x 
plauge_jst;Plague of Justinian;;;;;;;;;;;;x,,,,,,,,,,,,,,,,,,,,,,
iceage_1;Little Ice Age;;;;;;;;;;;;x,,,,,,,,,,,,,,,,,,,,,,
lombard_invasion_preparations;Army ready for war against Italy;;;;;;;;;;;;x,,,,,,,,,,,,,,,,,,,,,,
hagia_sophia;Built Hagia Sophia;;;;;;;;;;;;x,,,,,,,,,,,,,,,,,,,,,,
hagia_sophia_p;Owns Hagia Sophia;;;;;;;;;;;;x,,,,,,,,,,,,,,,,,,,,,,
nomadic_army_buffs;Pastoralist Buffs;;;;;;;;;;;x,,,,,,,,,,,,,,,,,,,,,,
battle_of_camlann_m;Our King has died fighting the Angles! We must avenge him!;;;;;;;;;;;;x,,,,,,,,,,,,,,,,,,,,,,
create_fifth_province_title;Claim Britanny;;;;;;;;;;;;x,,,,,,,,,,,,,,,,,,,,,,
create_fifth_province_desc;The Bretons are a closely related people that belong to our kingdom!;;;;;;;;;;;;x,,,,,,,,,,,,,,,,,,,,,,
reconstruct_hagia_sophia_title;Reconstruct the Hagia Sophia;;;;;;;;;;;;x,,,,,,,,,,,,,,,,,,,,,,
reconstruct_hagia_sophia_desc;Though recent events to the Hagia Sophia have been tragic, we can rebuild it.;;;;;;;;;;;;x,,,,,,,,,,,,,,,,,,,,,,
form_steppe_title;Unite the Steppe;;;;;;;;;;;;x,,,,,,,,,,,,,,,,,,,,,,
form_steppe_desc;Through our subjugation and conquering we have secured the Steppes. To counter anyone from undoing our conquests, we need to unify into a nation. ;;;;;;;;;;;;x,,,,,,,,,,,,,,,,,,,,,,
form_north_india_title;Unite Northern India;;;;;;;;;;;;x,,,,,,,,,,,,,,,,,,,,,,,,,,,,,,,,,,,,,,,,,,,,,,,,,,,,,,,,,,,,,,,,,,,,,,,,,,,,,,,,
form_north_india_desc;Through diplomacy and conflict, we've emerged as the sole rulers of the Gangetic plain and Indus Valley, the two cornerstones of Indian civilizaion. With foreign powers ever encoraching on our subcontinent, now more than ever we must stand united, and perhaps forge a world empire of our own.;;;;;;;;;;;;x,,,,,,,,,,,,,,,,,,,,,,,,,,,,,,,,,,,,,,,,,,,,,,,,,,,,,,,,,,,,,,,,,,,,,,,,,,,,,,,,
SKV_ADJ;Sklaveni;;;;;;;;;;;x,,,,,,,,,,,,,,,,,,,,,,
VYA_ADJ;Vyatichi ;;;;;;;;;;;x,,,,,,,,,,,,,,,,,,,,,,
ALO_ADJ;Alodi;;;;;;;;;;;x,,,,,,,,,,,,,,,,,,,,,,
ZOR;Zoroastrian Majority State;;;;;;;;;;;x,,,,,,,,,,,,,,,,,,,,,,
norsepagan_rebels_army;European Pagan Army;;;;;;;;;;;x,,,,,,,,,,,,,,,,,,,,,,
christian_rebels_army;Christian Army;;;;;;;;;;;x,,,,,,,,,,,,,,,,,,,,,,
zoroastrian_rebels_army;Zoroastrian Army;;;;;;;;;;;x,,,,,,,,,,,,,,,,,,,,,,
war_reparations_short;Demand War Reperations;;;;;;;;;;;x,,,,,,,,,,,,,,,,,,,,,,
VAK_ADJ;Vakatan;;;;;;;;;;;x,,,,,,,,,,,,,,,,,,,,,,
GMI_ADJ;Sorb;;;;;;;;;;;x,,,,,,,,,,,,,,,,,,,,,,
KLA_ADJ;Kalabhra;;;;;;;;;;;x,,,,,,,,,,,,,,,,,,,,,, 
PRM_ADJ;Perm;;;;;;;;;;;x,,,,,,,,,,,,,,,,,,,,,, 
NOB_ADJ;Nobatia;;;;;;;;;;;x,,,,,,,,,,,,,,,,,,,,,, 
conquest_tiny_short;Tiny Conquest;;;;;;;;;;;x,,,,,,,,,,,,,,,,,,,,,, 
conquest_debug;Debug Conquest;;;;;;;;;;;x,,,,,,,,,,,,,,,,,,,,,,
nomadic_army;Nomadic Army Organization;;;;;;;;;;;x,,,,,,,,,,,,,,,,,,,,,,
nomadic_army_desc;Our nomadic army tradition has many benefits;;;;;;;;;;;x,,,,,,,,,,,,,,,,,,,,,,
OSL_ADJ;Ossolobian;;;;;;;;;;;x,,,,,,,,,,,,,,,,,,,,,,
OSL;Ossoloba;;;;;;;;;;;x,,,,,,,,,,,,,,,,,,,,,,
annex_QUE_title;Annex Kebec;;;;;;;;;;;x,,,,,,,,,,,,,,,,,,,,,,
annex_MAN_title;Annex New Eburakon;;;;;;;;;;;x,,,,,,,,,,,,,,,,,,,,,,
annex_CSA_title;Annex Confederate States of Atlantia;;;;;;;;;;;x,,,,,,,,,,,,,,,,,,,,,,
annex_TEX_title;Annex Tehas;;;;;;;;;;;x,,,,,,,,,,,,,,,,,,,,,,
annex_RGD_title;Annex Rio Magno;;;;;;;;;;;x,,,,,,,,,,,,,,,,,,,,,, 
annex_CAL_title;Annex California;;;;;;;;;;;x,,,,,,,,,,,,,,,,,,,,,, 
annex_CAN_title;Annex Atlanta;;;;;;;;;;;x,,,,,,,,,,,,,,,,,,,,,, 
annex_RPL_title;Annex Atlantia Heartland;;;;;;;;;;;x,,,,,,,,,,,,,,,,,,,,,, 
annex_COL_title;Annex Cascadia;;;;;;;;;;;x,,,,,,,,,,,,,,,,,,,,,, 
annex_CUB_title;Annex Cuba;;;;;;;;;;;x,,,,,,,,,,,,,,,,,,,,,, 
annex_BRZ_title;Annex Brazil;;;;;;;;;;;x,,,,,,,,,,,,,,,,,,,,,, 
annex_OSL_title;Annex Ossoloba;;;;;;;;;;;x,,,,,,,,,,,,,,,,,,,,,,
annex_GCO_title;Annex New Granada;;;;;;;;;;;x,,,,,,,,,,,,,,,,,,,,,, 
annex_USA_title;Annex United States of Atlantia;;;;;;;;;;;x,,,,,,,,,,,,,,,,,,,,,, 
annex_QUE_desc;Our brief policy of salutary neglect is over, now it is time to reintegrate the colony;;;;;;;;;;;x,,,,,,,,,,,,,,,,,,,,,,
annex_MAN_desc;Our brief policy of salutary neglect is over, now it is time to reintegrate the colony;;;;;;;;;;;x,,,,,,,,,,,,,,,,,,,,,,
annex_CSA_desc;Our brief policy of salutary neglect is over, now it is time to reintegrate the colony;;;;;;;;;;;x,,,,,,,,,,,,,,,,,,,,,,
annex_TEX_desc;Our brief policy of salutary neglect is over, now it is time to reintegrate the colony;;;;;;;;;;;x,,,,,,,,,,,,,,,,,,,,,,
annex_RGD_desc;Our brief policy of salutary neglect is over, now it is time to reintegrate the colony;;;;;;;;;;;x,,,,,,,,,,,,,,,,,,,,,, 
annex_CAL_desc;Our brief policy of salutary neglect is over, now it is time to reintegrate the colony;;;;;;;;;;;x,,,,,,,,,,,,,,,,,,,,,, 
annex_CAN_desc;Our brief policy of salutary neglect is over, now it is time to reintegrate the colony;;;;;;;;;;;x,,,,,,,,,,,,,,,,,,,,,, 
annex_RPL_desc;Our brief policy of salutary neglect is over, now it is time to reintegrate the colony;;;;;;;;;;;x,,,,,,,,,,,,,,,,,,,,,, 
annex_COL_desc;Our brief policy of salutary neglect is over, now it is time to reintegrate the colony;;;;;;;;;;;x,,,,,,,,,,,,,,,,,,,,,, 
annex_CUB_desc;Our brief policy of salutary neglect is over, now it is time to reintegrate the colony;;;;;;;;;;;x,,,,,,,,,,,,,,,,,,,,,, 
annex_BRZ_desc;Our brief policy of salutary neglect is over, now it is time to reintegrate the colony;;;;;;;;;;;x,,,,,,,,,,,,,,,,,,,,,, 
annex_OSL_desc;Our brief policy of salutary neglect is over, now it is time to reintegrate the colony;;;;;;;;;;;x,,,,,,,,,,,,,,,,,,,,,,
annex_GCO_desc;Our brief policy of salutary neglect is over, now it is time to reintegrate the colony;;;;;;;;;;;x,,,,,,,,,,,,,,,,,,,,,, 
annex_USA_desc;Our brief policy of salutary neglect is over, now it is time to reintegrate the colony;;;;;;;;;;;x,,,,,,,,,,,,,,,,,,,,,,
plantation_rgo_change_CSA_title;Confederate RGO change;;;;;;;;;;;x,,,,,,,,,,,,,,,,,,,,,, 
plantation_rgo_change_BRZ_title;Brazil RGO change;;;;;;;;;;;x,,,,,,,,,,,,,,,,,,,,,, 
plantation_rgo_change_OSL_title;Ossolabia RGO change;;;;;;;;;;;x,,,,,,,,,,,,,,,,,,,,,,  
plantation_rgo_change_CUB_title;Cuban RGO change;;;;;;;;;;;x,,,,,,,,,,,,,,,,,,,,,, 
plantation_rgo_change_RGD_title;Magno RGO change;;;;;;;;;;;x,,,,,,,,,,,,,,,,,,,,,, 
plantation_rgo_change_GCO_title;Granada RGO change;;;;;;;;;;;x,,,,,,,,,,,,,,,,,,,,,,  
plantation_rgo_change_TEX_title;Texan RGO change;;;;;;;;;;;x,,,,,,,,,,,,,,,,,,,,,,  
plantation_rgo_change_CSA_desc;The native RGOs do not suit our interests, we should review our options. \n\n§RWe must have direct control over the land to change RGO\n;;;;;;;;;;;x,,,,,,,,,,,,,,,,,,,,,,  
plantation_rgo_change_BRZ_desc;The native RGOs do not suit our interests, we should review our options. \n\n§RWe must have direct control over the land to change RGO\n;;;;;;;;;;;x,,,,,,,,,,,,,,,,,,,,,,  
plantation_rgo_change_TEX_desc;The native RGOs do not suit our interests, we should review our options. \n\n§RWe must have direct control over the land to change RGO\n;;;;;;;;;;;x,,,,,,,,,,,,,,,,,,,,,, 
plantation_rgo_change_CUB_desc;The native RGOs do not suit our interests, we should review our options. \n\n§RWe must have direct control over the land to change RGO\n;;;;;;;;;;;x,,,,,,,,,,,,,,,,,,,,,,  
plantation_rgo_change_RGD_desc;The native RGOs do not suit our interests, we should review our options. \n\n§RWe must have direct control over the land to change RGO\n;;;;;;;;;;;x,,,,,,,,,,,,,,,,,,,,,,  
plantation_rgo_change_GCO_desc;The native RGOs do not suit our interests, we should review our options. \n\n§RWe must have direct control over the land to change RGO\n;;;;;;;;;;;x,,,,,,,,,,,,,,,,,,,,,, 
plantation_rgo_change_OSL_desc;The native RGOs do not suit our interests, we should review our options. \n\n§RWe must have direct control over the land to change RGO\n;;;;;;;;;;;x,,,,,,,,,,,,,,,,,,,,,, 
EVTNAME8037812;Colonial RGO Change;;;;;;;;;;;x,,,,,,,,,,,,,,,,,,,,,, 
EVTDESC8037812;We must decide what we want to harvest!;;;;;;;;;;;x,,,,,,,,,,,,,,,,,,,,,, 
VAS;Vasconia;;;;;;;;;;;x,,,,,,,,,,,,,,,,,,,,,, 
VAS_ADJ;Basque;;;;;;;;;;;x,,,,,,,,,,,,,,,,,,,,,, 
find_lost_city_atlantis_title;Find the Lost City of Atlantis;;;;;;;;;;;x,,,,,,,,,,,,,,,,,,,,,, 
find_lost_city_atlantis_desc;We must prepare an expedition!;;;;;;;;;;;x,,,,,,,,,,,,,,,,,,,,,, 
change_colonial_change_on_title;Enable Colonial RGO Change Decisions;;;;;;;;;;;x,,,,,,,,,,,,,,,,,,,,,, 
change_colonial_change_on_desc;Show Colonial RGO Change Decisions;;;;;;;;;;;x,,,,,,,,,,,,,,,,,,,,,, 
change_colonial_change_off_title;Disable Colonial RGO Change Decisions;;;;;;;;;;;x,,,,,,,,,,,,,,,,,,,,,, 
change_colonial_change_off_desc;Hide Colonial RGO Change Decisions;;;;;;;;;;;x,,,,,,,,,,,,,,,,,,,,,, 
annex_colony_on_title;Enable Colonial Annexation Decisions;;;;;;;;;;;x,,,,,,,,,,,,,,,,,,,,,, 
annex_colony_on_desc;Show Colonial Annexation Decisions \n\n§RWe can only annex a given new world colony once!\n;;;;;;;;;;;x,,,,,,,,,,,,,,,,,,,,,, 
annex_colony_off_title;Disable Colonial Annexation Decisions;;;;;;;;;;;x,,,,,,,,,,,,,,,,,,,,,, 
annex_colony_off_desc;Hide Colonial Annexation Decisions;;;;;;;;;;;x,,,,,,,,,,,,,,,,,,,,,, 
renounced_arianism_van_title;Renounce Arianism;;;;;;;;;;;;;;x 
renounced_arianism_van_desc;We hereby declare that we will no longer support this heretic nonsense within our empire;;;;;;;;;;;;;;x 
gather_roundtable_title;Gather the Roundtable;;;;;;;;;;;;;;x 
gather_roundtable_desc;Through our assortment of knights of great renown we will beat the Angles!;;;;;;;;;;;;;;x 
AMR;North Atlantia;;;;;;;;;;;;;;x 
AMR_ADJ;North Atlantia;;;;;;;;;;;;;;x 
SMR;South Atlantia;;;;;;;;;;;;;;x 
SMR_ADJ;South Atlantia;;;;;;;;;;;;;;x 
IDO;Indonesia;;;;;;;;;;;;;;x 
IDO_ADJ;Indonesia;;;;;;;;;;;;;;x 
SIB;Siberia;;;;;;;;;;;;;;x 
SIB_ADJ;Siberia;;;;;;;;;;;;;;x 
NGR;Guinea;;;;;;;;;;;;;;x 
NGF_ADJ;Guinea;;;;;;;;;;;;;;x 
BNT;Bantuland;;;;;;;;;;;;;;x 
BNT_ADJ;Bantuland;;;;;;;;;;;;;;x 
SFR;Southern Guinea;;;;;;;;;;;;;;x 
SFR_ADJ;Southern Guinea;;;;;;;;;;;;;;x 
EFR;Eastern Guinea;;;;;;;;;;;;;;x 
EFR_ADJ;Eastern Guinea;;;;;;;;;;;;;;x 
BRB;Sahara;;;;;;;;;;;;;;x 
BRB_ADJ;Sahara;;;;;;;;;;;;;;x 
form_malaya_desc;Our great leader has united the disperate Malay tribes into a single state, one that will not only keep us safe from foreign empires, but allow us to rule the waves ourselves!;;;;;;;;;;;;;x,,,,,,,,,,,,,,,,,,,,,,,,,,,,,,,,,,,,,,,,,,,,,,,,,,,,,,,,,,,,,,,,,,,,,,,,,,,,,,,,
get_levant_title;The Achaemenid Dream;;;;;;;;;;;;;x,,,,,,,,,,,,,,,,,,,,,,,,,,,,,,,,,,,,,,,,,,,,,,,,,,,,,,,,,,,,,,,,,,,,,,,,,,,,,,,,
get_levant_desc;After centuries of fighting, we've chased the Romans out of the fertile cresent. Our influence now spreads to every great sea, and we have the strengh to declare ourselves the hegemon of the classical world!;;;;;;;;;;;;;x,,,,,,,,,,,,,,,,,,,,,,,,,,,,,,,,,,,,,,,,,,,,,,,,,,,,,,,,,,,,,,,,,,,,,,,,,,,,,,,,
get_levant_accepted_title;Semetic Integration;;;;;;;;;;;;;x,,,,,,,,,,,,,,,,,,,,,,,,,,,,,,,,,,,,,,,,,,,,,,,,,,,,,,,,,,,,,,,,,,,,,,,,,,,,,,,,
get_levant_accepted_desc;From our liberation of Babylon, the people of the Fertile Cresent have prospered under our rule, it's time we fully integrate these people into our empire;;;;;;;;;;;;;x,,,,,,,,,,,,,,,,,,,,,,,,,,,,,,,,,,,,,,,,,,,,,,,,,,,,,,,,,,,,,,,,,,,,,,,,,,,,,,,,
form_south_india_title;Form Dradavia;;;;;;;;;;;;;x,,,,,,,,,,,,,,,,,,,,,,,,,,,,,,,,,,,,,,,,,,,,,,,,,,,,,,,,,,,,,,,,,,,,,,,,,,,,,,,,
form_south_india_desc;For thousands of years, invader after invader stormed through the Hindu Kush, to rampage across the Indus Valley and Gangetic Plain. Us, the natives of the sub-continent, retreated into the Deccan and behind the Ghats. But now, the invaders come from across the sea. We must unite once and for all or see the last of our people extinguished!;;;;;;;;;;;;;x,,,,,,,,,,,,,,,,,,,,,,,,,,,,,,,,,,,,,,,,,,,,,,,,,,,,,,,,,,,,,,,,,,,,,,,,,,,,,,,,
unify_zhongguo_title;Unify Zhongguo;;;;;;;;;;;;;x,,,,,,,,,,,,,,,,,,,,,,,,,,,,,,,,,,,,,,,,,,,,,,,,,,,,,,,,,,,,,,,,,,,,,,,,,,,,,,,,
unify_zhongguo_desc;Our long rivalry has ended. Now we can abandon these pointless wars within and begin to project ourselves outward. ;;;;;;;;;;;;;x,,,,,,,,,,,,,,,,,,,,,,,,,,,,,,,,,,,,,,,,,,,,,,,,,,,,,,,,,,,,,,,,,,,,,,,,,,,,,,,,
plague_jst;Plague of Justinian;;;;;;;;;;;;;x,,,,,,,,,,,,,,,,,,,,,,,,,,,,,,,,,,,,,,,,,,,,,,,,,,,,,,,,,,,,,,,,,,,,,,,,,,,,,,,,
iceage_1_desc;Cropfailures and famine have led to increasing social unrest. Many in this time demand reform or outright leave in search of a better place.;;;;;;;;;;;;;x,,,,,,,,,,,,,,,,,,,,,,,,,,,,,,,,,,,,,,,,,,,,,,,,,,,,,,,,,,,,,,,,,,,,,,,,,,,,,,,, 
gunpowder_infantry;Gunpowder Infantry;;;;;;;;;;;;;;x 
field_artillery;Field Artillery;;;;;;;;;;;;;;x 
siege_artillery;Siege Artillery;;;;;;;;;;;;;;x 
LDA_NAME;Fall of Rome;;;;;;;;;;;;;;x 
LDA_DESC; The dust in Rome has settled... Once a bustling metropolis, she met her demise at the hands of numerous barbarian incursions until Odoacer, king of Italy, overthrew the last Rome emperor in the west, shattering the ancient empire into a thousand pieces. While the glory of Rome still burns in the orient, Rome as a concept has been split asunder. In China, the Northern Wei have unified the numerous fiefdoms of the northern frontier, and much like their predecessors in the Liu Song, tension reigns through the court of the Southern Qi fearing another brother jealous of the celestial-throne. Meanwhile in Iran, Kavadh I has just regained his throne after bribing the Hephthalites to help him depose his younger brother.  And now, far, far away, across the briny foam, the riches of Atlantia, Australia, and Africa beckon that their shouts may be heard in the Colosseum of Europe. Drivers, ready your chariot, for the 6th century has begun.;;;;;;;;;;;;;;x 
pluage_jst;Plague of Justinian;;;;;;;;;;;;;;x 
pluage_jst_desc;The world's first true plague pandemic now exasperated by increased trade from the Industrial Revolution.;;;;;;;;;;;;;;x 
hagia_sophia_desc;The Hagia Sophia stands as a mark of our splendor and prestigeous national architecture;;;;;;;;;;;;;;x 
CAN;Ottowa Captaincy General;;;;;;;;;;;;;x
COL;Cascadia;;;;;;;;;;;;;x
GCO;Nova Roma;;;;;;;;;;;;;x
NZL;Australia Inferior;;;;;;;;;;;;;x
CAN_monarchy;Ottowa Captaincy General;;;;;;;;;;;;;x
COL_monarchy;Cascadia;;;;;;;;;;;;;x
GCO_monarchy;Nova Roma;;;;;;;;;;;;;x
NZL_monarchy;Australia Inferior;;;;;;;;;;;;;x
jefferson_method_desc;Migration of peoples is still largely restricted, but elites, professionals and exiles who may provide service to our country are allowed in. §YThis will halt all migration unless you have either a new world nation flag or pass the majority of political and social reforms §W.;;;;;;;;;;;;;;;;;;;;;;;;;;;;;;;x;;;;
POR_ADJ;Suebian;;;;;;;;;;;;;x
WUR_ADJ;Alemmani;;;;;;;;;;;;;x
british;Anglo-Saxon;;;;;;;;;;;;;x
muzzle_loaded_rifle_armament;Plate Armor Armament;;;;;;;;;;;;;x 
breech_loaded_rifle_armament;Gunpowder Armament;;;;;;;;;;;;;x
secure_the_adriatic_title;Secure the Adriatic;;;;;;;;;;;;;x
secure_the_adriatic_desc;The Pannonian Frontier has long been a region of instabilty. We need to fortify our control over illyria to maintain order of our borders. ;;;;;;;;;;;;;x
iceage_arab;More Hospitable Climate;;;;;;;;;;;;;x 
form_south_slavland_desc;If we ever seek to unite the Slavs, we must first consolidate power with the south Slavs;;;;;;;;;;;;;x 
HYP_ADJ;Hyperborean;;;;;;;;;;;;;x 
NEJ_ADJ;Kindah;;;;;;;;;;;;;x 
rome_accepted_pops_title;Roman Italy Reintegration;;;;;;;;;;;;;x  
rome_accepted_pops_desc;Although it has been many years since we had true control over Rome proper, the people have not grown too far apart from us.;;;;;;;;;;;;;x  
carthage_accepted_pops_title;Romano-African Reintegration;;;;;;;;;;;;;x  
carthage_accepted_pops_desc;The Vandals have been dealt with and we can now bring the population of Roman Africa back under our banner.;;;;;;;;;;;;;x  
conquest_debug_short;Annex this Country;;;;;;;;;;;;;x  
SKY_ADJ;Skythian;;;;;;;;;;;;;x 
create_baltic_title;Unify the Balts;;;;;;;;;;;;;x  
create_baltic_desc;Divided we will wall fall victim to our neighbors, but united we can hope to prosper;;;;;;;;;;;;;x  
PER;Persia;;;;;;;;;;;;;x
PER_ADJ;Persian;;;;;;;;;;;;;x
PER_absolute_monarchy;Sassanid Empire;;;;;;;;;;;;;x
GER_absolute_monarchy;Teudiskaz;;;;;;;;;;;;;x
GER_prussian_constitutionalism;Teudiskaz;;;;;;;;;;;;;x
GER_hms_government;Teudiskaz;;;;;;;;;;;;x
PER_absolute_monarchy_ADJ;Sassanid;;;;;;;;;;;;;x
PER_prussian_constitutionalism;Persia;;;;;;;;;;;;;x
PER_hms_government;Persia;;;;;;;;;;;;x
PER_proletarian_dictatorship;The Persian Union;;;;;;;;;;;;;x
PER_communist;Tudeh Party of Persia;;;;;;;;;;;;;x
PER_conservative;Shahist Faction;;;;;;;;;;;;;x
PER_reactionary;Ulama Faction;;;;;;;;;;;;;x
PER_anarcho_liberal;Bazaari Faction;;;;;;;;;;;;x
PER_socialist;Hizb-e Socialyist;;;;;;;;;;;;;x
PROV384;Zellig;;;;;;;;;;;;;x
PER_fascist;SUMKA;;;;;;;;;;;;;x
PER_liberal;Constitutionalist Party;;;;;;;;;;;;;x
PER_liberal_2;National Front;;;;;;;;;;;;;x
AFG_1211;Northern Afghanistan;;;;;;;;;;;;;x
emishi;Emishi;;;;;;;;;;;;;x
aleman_acceptance_title;Alemanni Acceptance ;;;;;;;;;;;;;x 
aleman_acceptance_desc;Our quest towards the integration of Duetland has seen our state gaining the control of many territories in Alemmania. With our hold secured on these areas we can surely gain the approval and cooperation of the locals! ;;;;;;;;;;;;;x
thrung_acceptance_title;Thrungian Acceptance ;;;;;;;;;;;;;x 
thrung_acceptance_desc;Our quest towards the integration of Duetland has seen our state gaining the control of many territories in Thrungia. With our hold secured on these areas we can surely gain the approval and cooperation of the locals! ;;;;;;;;;;;;;x
saxon_acceptance_title;Saxon Acceptance;;;;;;;;;;;;;x 
saxon_acceptance_desc;Our quest towards the integration of Duetland has seen our state gaining the control of many territories in Saxonia. With our hold secured on these areas we can surely gain the approval and cooperation of the locals!  ;;;;;;;;;;;;;x
raetian;Raetian;;;;;;;;;;;;;x 
rateian_prominence_title;Raetian Prominence;;;;;;;;;;;;;x 
rateian_prominence_desc;The Securing of the Alps can not be done without the help and support of the Raetian;;;;;;;;;;;;;x  
japan_assim;Rapid Assimilation;;;;;;;;;;;;;x 
south_andean;Andean;;;;;;;;;;;;;x 
form_etheopian_state_title;Unite the Horn of Africa;;;;;;;;;;;;;x  
form_etheopian_state_desc;If we seek to survive with the expansion of Rome and the Sassanid Empire it is necessary to form a unitary state with our leadership.;;;;;;;;;;;;;x  
ILY;Ilyria;;;;;;;;;;;;;x  
ILY_ADJ;Illyrian;;;;;;;;;;;;;x  
christian_india_title;Convert to Christianity;;;;;;;;;;;;;x,,,,,,,,,,,,,,,,,,,,,,
christian_india_desc;Our troubles with the Persians and our influental Christian class from Karelia have convinced the King and his court to consider following the path of the Christians;;;;;;;;;;;;;x,,,,,,,,,,,,,,,,,,,,,,
zoroastrian_india_title;Convert to Zoroastrianism;;;;;;;;;;;;;x,,,,,,,,,,,,,,,,,,,,,,
zoroastrian_india_desc;Our neighbor to our west, Persia, has reformed their Religion to allow and encourage conversions, in the interests of our regional security, we might consider the path of the Lord of Wisdom;;;;;;;;;;;;;x,,,,,,,,,,,,,,,,,,,,,,
christian_steppe_title;Convert to Christianity;;;;;;;;;;;;;x,,,,,,,,,,,,,,,,,,,,,,
christian_steppe_desc;Our troubles with the Persians and Christian missions from Rome have made following the path of the Christians an enticing one, our King and Court are considering hearing its message ;;;;;;;;;;;;;x,,,,,,,,,,,,,,,,,,,,,,
zoroastrian_steppe_title;Convert to Zoroastrianism;;;;;;;;;;;;;x,,,,,,,,,,,,,,,,,,,,,,
zoroastrian_steppe_desc;Our neighbor to our south, Persia, has reformed their Religion to allow and encourage conversions, in the interests of our regional security, we might consider the path of the Lord of Wisdom;;;;;;;;;;;;;x,,,,,,,,,,,,,,,,,,,,,,
BUL;Thracia;;;;;;;;;;;;;x,,,,,,,,,,,,,,,,,,,,,,
BUL_ADJ;Thracian;;;;;;;;;;;;;x,,,,,,,,,,,,,,,,,,,,,,
TIB;Zhangzhung;;;;;;;;;;;;;x,,,,,,,,,,,,,,,,,,,,,,
TIB_ADJ;Zhangzhung;;;;;;;;;;;;;x,,,,,,,,,,,,,,,,,,,,,,
NEP;Licchavi;;;;;;;;;;;;;x,,,,,,,,,,,,,,,,,,,,,,
NEP_ADJ;Licchavi;;;;;;;;;;;;;x,,,,,,,,,,,,,,,,,,,,,,
yamato_reformation_boost;Yamato Reformation Boost;;;;;;;;;;;;;x,,,,,,,,,,,,,,,,,,,,,,
yamato_reformation_boost_desc;Progress in the name of the Emperor!;;;;;;;;;;;;;x,,,,,,,,,,,,,,,,,,,,,,
christian_north_title;Convert to Christianity;;;;;;;;;;;;;x,,,,,,,,,,,,,,,,,,,,,,
christian_north_desc;"The makers of idols are all of them nothing, and their best beloved things shall not profit them. They are their witnesses, that they do not see, nor understand, that they may be ashamed." - Isaiah 44:9;;;;;;;;;;;;;x,,,,,,,,,,,,,,,,,,,,,,
christian_india_title;Convert to Christianity;;;;;;;;;;;;;x,,,,,,,,,,,,,,,,,,,,,,
christian_india_desc;Our Byzantine ally in countering the Persian menace have long asked for our conversion, and it would be most wise to comply. ;;;;;;;;;;;;;x,,,,,,,,,,,,,,,,,,,,,,
zoroastrian_india;Convert to Zoroastrianism;;;;;;;;;;;;;x,,,,,,,,,,,,,,,,,,,,,,
zoroastrian_india_desc;With Persia and her millions of people that follow the teachings of Zoroastrianism near our border, our conversion would allow for the much needed greater cooperation and integration;;;;;;;;;;;;;x,,,,,,,,,,,,,,,,,,,,,,
christian_steppe_title;Convert to Christianity;;;;;;;;;;;;;x,,,,,,,,,,,,,,,,,,,,,,
christian_steppe_desc;Our Byzantine ally in countering the Persian menace have long asked for our conversion, and it would be most wise to comply. ;;;;;;;;;;;;;x,,,,,,,,,,,,,,,,,,,,,,
zoroastrian_steppe_title;Convert to Zoroastrianism;;;;;;;;;;;;;x,,,,
zoroastrian_steppe_desc;With Persia and her millions of people that follow the teachings of Zoroastrianism near our border, our conversion would allow for the much needed greater cooperation and integration;;;;;;;;;;;;;x,,,,,,,,,,,,,,,,,,,,,,
steppe_bonus;Skilled Horsemen;;;;;;;;;;;;;x,,,,